yt_id,start_time(seconds)
-28Y7Anvr68,116.948125
-2JPf3mSSrQ,0.9994375
-2MJVsqAnLM,30.8799375
-3WDaU12IE8,71.037375
-3qlKC-UzFM,21.754875
-8fMARPBGAU,7.0376875
-9nQTrRFDu0,26.7911875
-AT0-bX0jpg,17.0140625
-D0QCFsKs8Q,9.7346875
-GKPU4Io67U,52.717125
-GSuQnzdymo,102.47575
-IH7UKtvKqU,17.1159375
-JJ5U9vKeIY,143.753375
-LG6ZoFbMX4,62.3499375
-LuHE3NwxGQ,4.8696875
-QRnbPKHkOg,141.0068125
-QUyOjpNlRo,9.037125
-R9i2H3RnLE,129.808875
-RNFQJOzWPY,100.7853125
-S48KsYyc9g,13.4060625
-SWahGvzV3o,112.634125
-SuET_wj-1w,32.4376875
-YUBTfo4y68,91.657625
-ZYGg918QDc,47.14725
-arEXbNEAXA,100.7909375
-bVjorT0_Lk,23.2750625
-fYeNQi1UsY,110.9989375
-je-FBeXrhs,10.20375
-pUVMiDsprs,63.963
-syVMkAZuUI,131.2585
-umrArAjw6Y,31.133
-vOXQoUn3yg,133.5264375
-wsABbcUVTc,59.1898125
-yc20F0Hg0A,73.77575
02NJU-sh3TI,98.5315625
05sk8qECYYE,127.710625
070Qraa27Lk,136.4096875
0BEukgT9mb8,100.1451875
0DyCwuWUenk,7.4429375
0E9ubKtQeJk,24.7760625
0JRk--FTpVc,73.015625
0JW9OAELXp8,43.0483125
0K41h1d1Duw,40.4413125
0VeCLEuLFYo,39.0084375
0YS6ashkNJ8,21.6103125
0_cDRDBBZ7I,48.891
0ergvMRPCZI,22.5038125
0hW1iKWH_E4,19.5339375
0hxtyss_part_2,101.3760625
0iCb_lPlPeM,23.8453125
0k2BE65_part_11,398.67525
0kKxfmc9byQ,241.4843125
0nXX44-jjY0,4.11025
0pCKUEDPXNk,2.892875
0psmJz0UTX0,1.52825
0sG7b3aiCTI,110.423375
0v2N1ROvEI0,17.7015625
0yUU5EN2msQ,196.84675
11FrFsuTPg0,71.766875
11qOwHylOqA,19.99275
12ABFsZmB6o,36.3738125
13OdADnlU0c_part_3,383.44425
13OdADnlU0c_part_6,1466.5355
14CpZ1Pegzk,89.23075
17KhiVNifUw,0.0109375
186lmlpBDRw,13.214875
1C79WvSieT8,82.7999375
1Cjmu0Mue18,153.8068125
1CoejLmjIjE,56.584
1G9EQFow83M,175.1255
1ITYvGZ8atQ,90.444375
1JJat9MyxlQ,11.1706875
1P9EV19o41U,2.3149375
1PknGfKZEYc,96.5953125
1RfGdpXL150,60.4826875
1VdJtvM8D9Y,28.3155625
1VjXzTK6F40,21.5800625
1XuLLRcVZL4,113.706125
1ZnixgWUVg4,1.724875
1cE-5gcCs68,48.22975
1eBH8Vx7g8M,10.7576875
1mNMe28rNuc,208.025
1mm1_w05ahI,3.9394375
1n5IJAyr5Hw,160.180375
1pSSoT3Q0wk,51.9435
1pZqWwQnnvU,38.2634375
1rNgz9pDClc,2.899625
1sfe4YSVSEM,142.4295625
1xklz428wCE,97.294875
2-DIeUkCWNs,13.1879375
23WkZuq_part_2,40.1395625
23zDVtc6KuI,100.067875
24SvrZqB_Xc,10.6248125
25WXR52B2WE,2894.41725
25WoJr5wKUc,210.44675
26Vrkh5PGb4,53.4725625
27C9Sm12Jiw,71.5291875
28nZB3gth_4,72.313625
2AnzvfQJuxg,1.631375
2Bz489ElSFk,17.5779375
2HBe6TxBElc,29.6696875
2IsJ-o2oD1Q,205.164125
2JDhQC6R4Vs,170.9931875
2MLx-bIwAvk,42.1325
2O0IFuHy3f4,68.37475
2TAzydRrF28,80.8471875
2Y0pvfVBvAw,8.7536875
2YbCTC967Wg,26.1151875
2YkPKswHdk8,146.413875
2YwyENB3S1A,171.8380625
2aBtDz87UK0,39.872125
2bh2tROadIw,6.871875
2c-GPHUbkSY,2.483
2cwOrV6H840,112.24425
2fbiwumZwCY,146.727375
2gOKQVAItdg,43.387375
2hHogbPZxPU,9.0775
2jtnyY3zZuw,57.1080625
2pKVPTUBHNw,167.265625
2pn8tmGVobw,17.504375
2pqJ-gdR-lw,49.6044375
2siouCpE7cQ,42.22075
2uqq41YQkjI,8.6299375
2w_cxOjwJtA,119.729
2zvoKCeai6s,86.653125
324nTVi-95U,8.3574375
33HWgfp_part_2,343.0236875
34J_Hdqw2Jg,1868.435
34cdN1xhQtc,16.28775
34ftABV3koU,4.9848125
363PkelWdSE,8.759625
3AtmIjiDaCI,11.4835625
3BEAnRuuseQ,15.350375
3D8_0GQcSpk,107.5158125
3DUZDOAdFO8,8.4086875
3DmslhrOfgo,35.408625
3F3mOZTldms,64.876125
3FWwxPNtSlE,44.076125
3KJfl1pkbO4,185.33475
3LYcoznFZDE,3.0586875
3Mci4-EuDLU,6.789375
3NV9UGjBbqo,61.18075
3UMIzs2IX7Q,190.4184375
3XAqlRW_part_2,4.7006875
3XAqlRW_part_7,146.4805
3cjCSt1ihvM,131.485625
3exdiPRtiQI,152.0158125
3goUkYI17Ko,22.61325
3kIAwbQFylQ,15.599875
3kZAzknRSFA,31.0248125
3ldz9oFM4FE,44.214375
3mfgu2xUApk,16.011625
3obuQ-gF1ag,10.2716875
3ojt7e88g2I,53.6295
3pKS_peEJoQ,16.452
3vTyVf5OoY4,81.3226875
4-YBcvavYSs,20.2605625
41-8Rq804Gc,43.542
41s-_sIQgcI,184.9995625
43F609zMrqE,12.4195
46-wHclE6Kg,51.8693125
47MtbXzxXr4,123.693
49vgYHDgToc,82.7781875
4C33UXZW_Xk,12.3816875
4CFpDAYbjqk,164.5299375
4D21-zSkCRE,93.492125
4DtagVmnrlQ,50.3246875
4Ezjg3CPWL0,161.7915
4JdoNozqEVI,156.3855625
4MW-pzHmifc,33.639625
4N8ttqTAnB8,72.33425
4OA4gxKHcTQ,25.7028125
4QAxUvw9ays,1.701
4TAK1HHDkdQ,41.2768125
4XBOV7gWjl8,40.481625
4YoNMdYXWcI,49.4503125
4bwq5C8jyvo,84.0533125
4dDJfJWMCDw,3.4389375
4gv0LiOe4dg,255.5755
4h17wHxldrQ,0.0855625
4h2ZKLjCgdU,118.128375
4iJr-Wh9aYs,1.3214375
4k16iT5na0c,167.6738125
4my4yImtxDM,86.97475
4tFd_iqE3Vo,142.428875
4x0Ad1LbsLc,37.0881875
4xGU1FLkcqY,13.9735625
5-caB4w0pKI,37.79925
5-nMzSxWyCc,79.7068125
52CE5CvBbpo,7.305
52SSPI1_part_8,381.3774375
567D_4CYH4Y,4.17175
56L8VPKEE1g,130.8364375
57GDls5pvKM,89.9179375
58QS5POhkug,0.0235
59k66D_YT7U,104.901125
5C6TqjlyDnM,134.17775
5ChaQ_3FyOo,72.8699375
5DqfJzfOaFc,104.4128125
5F6DM29gMrA,17.5548125
5FikLlapvgk,31.8573125
5IWb1Kb_part_16,149.690625
5ItK9LluHGM,137.18625
5Lh57Xl2KVk,188.4841875
5LrCDnfHpik,145.40425
5MnxXJwPb14,29.198875
5Njra_FjKGY,75.8431875
5U1hg32WVRg,73.399875
5UKX7fyPIr4,23.122
5WHczfuJP10,171.25
5YkeVcDh-tI,235.1683125
5ncxpbE46Jc,9.7119375
5qUPCTih0ts,22.1663125
5u5oCjrIu60,40.0413125
5vVMgXdThC0,211.4668125
5wGK9f4kErg,485.923875
5yZN9XGsPxU,52.105375
5yyq2y-Yne8,48.8251875
63c67w4_G0o,0.090875
6765qLZvzkA,302.2734375
6AQYVeCtQTY,51.9521875
6BbDr3E-gWk,1.4179375
6Fqofur62wM,17.6623125
6HphcY7mkZs,5.6575
6IrJzEQLKHE,149.0613125
6K92schczKM,130.6806875
6KupmUT_part_12,230.3195
6Oi7ASw-GwU,1.6239375
6SAKNL-lK7E,51.9659375
6Uca3He6nZU,153.6979375
6WbKgEPxBno,67.5465
6Y53dQxkE8s,23.5349375
6_77lBXFDp4,367.602
6_SEy5HAdy0,27.5954375
6bO-lr12q9U,23.404875
6dHJWCN2ZSg,0.4483125
6ePT9qmSESA,14.42225
6gA7DDIL7WU,98.9015625
6h-5GxhDJOE,50.88675
6hQb03I-spM,8.460125
6jSLH9CDPPQ,60.338625
6k-IBC2815s,9.318875
6mohxZTeeAI,80.0126875
6on2OyKOPm4,148.5609375
6pIxvyKlGgs,17.22175
6rrnRqb4XU8,16.33825
6tsNJZCdmKM,44.8819375
6vxJ2hpxbPE,90.1906875
74G8z25tXvc,38.468875
75mXnFzwsQI,30.9925
76b3CTYc5tQ,43.595375
76rWKIUjc-Q,96.0519375
78LoeENYVvI,335.5523125
78MJrhWejKw,21.6634375
7DB-zM1tlhs,171.0324375
7DWV1FcFZf4,53.9014375
7DuOlfK6BC8,49.678125
7J2UNi5QYjQ,98.343375
7LEpbLUM9_E,108.64025
7LlDGyU_part_3,163.1344375
7NK-GqAvZ70,86.1798125
7PGJwrooJNU,91.3686875
7VeJsk8Jt_Q,111.33775
7XxGf4_nPuw,313.0664375
7bgGUTe7KG0,11.62225
7cD5dRgOHlE,177.6785
7cSMJLi2ofo,283.0870625
7dnfni450P4,33.128125
7hNU-YdALXw,95.3105625
7iPSSj62CUw,4.03
7iWch0hYKxo,1.960125
7kPivcuGIXM,49.387625
7lo-4g1MMZI,46.1483125
7mC-0OfJYck,12.4
7sAQg4trdQE,5.459625
7wIKNWtJpmo,17.8359375
81U88fTv02w,10.3576875
826gtos_part_11,119.638875
826gtos_part_4,434.0574375
85HOa-uUxG4,23.5270625
897DYVnZVBM,91.0344375
8Ci6Vsp8DRs,1189.14825
8GHuHQUEwDU,122.0536875
8KujGcZ_part_1,125.29725
8PLHqB2sCHY,2.29525
8QOg--mhoIU,1.0534375
8SUh01RK380,65.6809375
8TIpMzTQpMg,23.8843125
8b_RWmKJvug,9.869375
8bgQpFNxmb0,3.338625
8cN6K1E9hhc,3388.20075
8e3xeck2BFg,128.763
8g8MWLCEKKA,207.511625
8hXZt5tjUuM,137.3203125
8h_mf7mJ-Y0,75.5541875
8iYyaNhrkkE,142.5056875
8ljSPfciC08,9.223125
8nRsir7lgh8,5.120625
8pISafAIXDY,205.2518125
8rcqdL8pQD4,24.6623125
8ttv82TyhJQ,23.864625
8uKpnzUvFkA,35.6921875
8ufle2PEr4g,4.389625
8uvsiLTu2ZI,159.4689375
8wagEduyQnI,81.1386875
8xirqj5Gde0,38.1229375
8yMiyLi6P9Q,0.189875
8yNJH7D4rN4,5.4746875
8ztPgQ_XKbM,128.4014375
9-EpR2tCpog,35.87625
90QLvaWjMwc,63.7858125
91T0mD0xVGA,93.947875
9CKAnPiw_1A,23.2128125
9Fx5K387m9Y,18.9975625
9I8fGeDaQYQ,4.801125
9J8E1eZAM18,9.6153125
9LSKIHmIjMs,8.0088125
9U6Okvc_part_10,423.366875
9WGHBanLZZM,156.5965625
9Z0a4OAvUHw,130.5161875
9bO9fRO6U1k,96.0031875
9bskIy8ZPW8,162.57525
9cfDrONba54,6.1949375
9h2W0znzz9Y,55.079125
9iZxKQn6jdE,45.7205625
9k-NCBB_part_9,279.7015
9kifcFhQdLo,25.8985625
9lHVAByQPnw,5.137625
9o9POcBYLVE,8.3828125
9r93lv5TAls,62.0854375
9sF67F6pAho,6.6471875
A-sROf4Ii7I,160.0336875
A0ekDGJiROg,75.5028125
A37wa2PL9Ps,54.4848125
A3Wriv-QEtE,572.8530625
A4-7DHTCOp0,26.512
A43grqE73Ao,0.6576875
A5Bmati05XI,8.5180625
A9nhc32hEAE,17.212125
AFsIj9qqHSA,48.1111875
AHrUx7ULzhU,0.3079375
AJ0835OfMuQ,1096.2805625
AJk3OQ7Gg2Y,44.5350625
AJmaI_2XMwU,163.687625
AL1fse-cisk,55.3850625
AM0J302L3Ks,43.035125
AMtDuZOzxKw,49.0281875
ANNKjs-XNwY,99.9303125
AP5AM5I2tBw,2.2029375
AP6Y1MkhaxE,3.8448125
AQizsF85lrE,20.8424375
AR5jFs0iOBA,2.89375
ASaZKkqKBF8,2.939875
AUdoevy11GM,44.36725
AVMewBIJKBo,37.2308125
AW8MlO1RdZc,307.4823125
AWQnT-IDlv8,2.67225
AWyFcV3wjdo,66.0670625
AaCkVgX2tok,72.47025
Akn2cF6x-MQ,120.8419375
Av-SOyOSPUo,131.6141875
AveqPe2lJro,60.8025625
Aw-qc8LHKcA,35.58275
B-ACF_0vzJ4,45.1124375
B1c4CFmGM5s,152.356
B37qSb8aumk,58.04825
B3YMRO_GJlQ,9.1563125
B8tpuMPsL8Q,116.52275
BB8LyY8gez4,41.3639375
BBa0xpkzfNc,688.3293125
BBoDuln9eRA,33.0605625
BE9y4bgyPqs,97.4533125
BJjEO5uedTA_part_20,696.7428125
BJjEO5uedTA_part_24,1219.371875
BRFdaIhTBAc,86.3274375
BTvLUmOOu34,41.4716875
BWAQ3B3yIt4,66.1346875
BXUCmVHMe2Q,45.1698125
BZMVbw0s-kU,102.01225
BbgEbWaLNAE,310.97025
BcP3wONHLB8,11.6441875
Bd7aIuXps1g,59.4238125
BexA3pzAqr4,44.6035625
BgJZCe8nMss,74.023625
BhdS6e8SHEo,53.9531875
BimjWMo4zV4,23.3284375
BklWzIFzTGA,101.622125
BnH1kKYWskw,36.7606875
BnKy2LSDva4,66.191125
BpPS29LkFEU,156.56
BrXnzBgCoAk,1.463625
By8xfHJfOkA,81.5610625
C0jrUxvp4Bo,27.41225
C2N1T3zKQHs,45.3675
C6EJXtD25GA,79.31725
C6QJQYHG9Pk,171.0959375
C8wN1Wf9bbU,3.289375
C8zxDaLgpYU,25.9603125
C9eK5KImW9w,94.8315
CBMZAY9eATg,205.7804375
CCK9r5y2DHE,197.1049375
CFiA5lpgOX4,52.9238125
CHDfexhkP9Q,58.517625
CKLRTUHtE68,32.8321875
CNW5rzQlkqg,55.083625
COVsANEp3nI,133.6195625
CPLbc2Mmsxg,39.578625
CPT_r8vi8z0,27.2546875
CS9c4dT4Sdg,62.8933125
CVRa00v2-04,49.704
CVbhKFo8xgo,32.895375
CVbtOyfC1v4,2.985875
CWeTS_0mimM,61.356875
CX_mhq0svkc,5.0683125
CXdcveJ357Q,36.361375
CY6gMIZcwgc,228.3821875
CYQ_jvUw9u8,86.210125
CZoay0ZrroU,22.6735625
CZpxXQQrBA8,12.808
CfKCPYbdmY0,25.0840625
CfKbDX5_bjo,34.901375
CltFsNwc474,119.78175
CncEm-iiV_M,62.260875
Cr9SfgjSs4k,141.503125
Ct67hJyxANA,191.0981875
CvjZDFkFcF0,44.074625
CwUDna_JuuI,0.2655625
CyaJLSX2T_8,30.737875
CzGQZOtKkXc,75.014375
D0EI9035FyQ,22.1458125
D275cVD7ETQ,40.5823125
D2MfGgXBXvg,207.731625
D9omvlHXJIs,71.00875
DCB74N86Iks,38.9498125
DDOAp36KPZ4,45.0036875
DE8c3qJjd1c,73.0194375
DFn2ZL8FxrA,100.8688125
DNxIJAHFHNk,152.1958125
DPjT5fNsWsE,2.1745625
DRcVKXctvXo,85.146
DRoC7YKlsng,1804.4326875
DSa3fNO5PME,204.217625
DTon6xFm0hU,14.6473125
DX_s742hVtY,74.042625
D_07C97BdmU,46.6849375
DlgAvXf_part_7,491.5144375
DnhFyFnhkF8,32.600375
Ds8SNa_enfQ,6.62575
DvA_wDOVD10,13.5460625
Dx-OiMbrg3o,46.75175
DyQmAxcH1Jo,51.579
E-SSgrBbR9M,9.079125
E0__7HHTm1w,171.3455625
E6FkLx_dsGs,70.628875
E8QV2pdL4yU,24.9776875
E9B3g7Q9ui8,15.5625625
EBkZUAKueVU,124.4363125
EDyirP_-TO4,27.553875
EHv9zCTFnUo,17.9749375
EI60NCK5YOM,49.5855625
EIDk8MV-eB0,64.3585
EIsuJzB8b4k,46.8035625
EJG_4hErnGA,21.3326875
EPFegHtBh3M,158.091375
ER9ZS5cQEng,85.6724375
ERNYOYT8CUI,4.1186875
ERd8CmAaHgM,40.9055625
ETHOnmnvYkw,20.285125
EYKay3PRdhI,106.0465
E_ILAbOkjSk,67.3435
EazScG6wn84,187.709375
EcHHEjqM83E,6.004625
EeGivCH5npo,49.070875
Ef1tQ2J1Hqw,141.492
EkXa4R-or_0,17.25375
Eksnrc8-rjg,7.7438125
EpEzW6Tk0Gg,0.481375
ErMz2iLLm4w,173.8208125
Es_7LgHf2Ig,107.0525
EsrZ4tHcNl0,30.8795
Ex1RWBV_part_10,497.7155625
Ex1RWBV_part_13,409.6829375
EyP5Z5NfWz0,70.2166875
F-JRASFzpns,78.266375
F0hvKKCo9Zw,58.3915
F1V4VJF_part_8,354.9895625
F2xltjwaE8M,49.3354375
F5NXxV40rac,52.350625
F8Bty2Vf1OY,55.977375
FBcJM19Rz4U,1.443625
FC-WcCBFNgY,45.482625
FCSaWLE8SAE,32.9016875
FF5TNnyYWrE,68.1144375
FFTqvuevGuQ,120.370375
FLT2N_OrnmM,22.757375
FLwoZ68k_iY,49.2883125
FMgCO2-T14I,11.6815625
FRb7F-kN2Vo,41.8165
FSKdAEfYPfw,21.7661875
FVrXOM9YpE4,17.0980625
FenRRJ99x88,181.117875
Fl8cVa32mjI,97.642
FncNXHXyvFI,9.449625
Fp_UtmDu-ZQ,3180.0410625
FpujyP2_5mc,24.269
FrYW23kBTss,124.6135625
FtXlkxezDJY,59.637625
FtgxuEHN7Ys,7.224375
FtoU5Ku36p4,33.868125
FzhujCW9UUk,99.985
G2rJvVy76As,88.732
G3CLOSufgbU,9.506375
G7eCzvd18Fw,23.2525
G7pjWtATZOw,15.4326875
GASe1-RrpQE,36.649375
GD2CxbM_part_3,114.8906875
GE5_3p4HBjU,77.167875
GGX6vvaihhc,51.70275
GMZEiR1CjqY,12.535125
GRpnU5hIzDs,137.590625
GS5RlgiesbM,16.7759375
GSQXbXN_part_2,248.2136875
GTO6EhDTpCY,9.8536875
GVWyVlsdEvg,29.608375
GVdKRnwlo1U,40.6181875
GWRqCWrgKPE,45.6726875
GWhicpU7LV8,5.678625
GWypkJpChEE,91.492
GZt3m90i11g,121.9360625
Ga4J5IpldAs,23.903875
GfdvgxomOTM,161.2853125
Gg290v572Zw,22.1704375
GtSBRsZ_part_9,325.6685625
GtpEU63S8bE,0.0409375
Gx2gcBDbrsE,53.324625
Gz661U_nhFQ,12.97
H0TNI-ySO9c,3.3910625
H2KUVjPCQDU,225.9209375
H4CdSPKJO50,76.6275
H4doCoK5sac,4.36775
H870Xj-EghU,5.034
H8sTGx4SQmI,40.78775
H96bKL8wHdY,29.031375
HAwkVqpWJaI,11.2870625
HCvXkLUne_s,48.6928125
HDMNg47DnOo,2.530375
HEa4-NzLAxA,134.3125625
HGTcbU9DnVw,1.3555625
HIVxGoYu7l8,34.137625
HJnq15COOnQ,19.4844375
HKQghyt2zes,137.35375
HQtdUmVB2_4,163.0625
HUQg_kWYYKM,129.93975
HZrLsImjFKU,68.96475
H_Zh6Qx_IsA,168.223375
HbJsR1mBslM,44.295625
Hf6nqIoEWqM,31.59075
HfIOY0OgWVg,3.259875
HffS1JQbzdc,42.972375
Hhh5bxoBGVk,26.4520625
Hkess_skihA,170.8330625
Hs8xm7BnBbQ,37.37325
HyPb-hMlIes,117.984375
HzvN0VCoy6U,41.253125
I6TFJre5JAM,47.11625
I73u0qubCLA,155.3784375
I9-aWM_n4-M,53.0636875
IIu6FF7KPMM,8.6953125
IJlpNtDlAE4,164.4780625
IJyoDnq8qJs,143.338375
IPofmVZKVz4,25.7779375
IQRNgFg3hBY,54.917
ITOKc3PAlVg,19.4076875
IThJZnVjEOo,88.232
IZCEqsUcpZ0,4.5668125
I_l5rZzieDY,49.359
IadMiijgNFo,10.44725
Ib3sWI_xRvY,156.767625
IdmsgQDGYhg,61.1790625
Ieurfr_PwFs,45.8890625
Ij28m7gU3FU,5.8756875
ImXz3Mob1h0,20.1970625
Ipn3tjQZr-A,55.01875
IqD02F9S1Bo,6.1641875
IvR9JDcEWlo,110.780625
IvYU_PS07Ws,11.792125
Iy9fKKEgNV0,35.1946875
J2AFLHob_l4,12.429625
J5Ge3cmflPU,251.2261875
J6v8Df3vVT0,9.382875
J7NQp5f9zqE,78.658875
J88UktZQK3k,1041.704125
JBq0VyJod6c,86.21075
JFOSJd_uhM8,23.2700625
JJsxf4AjdcA,102.881125
JNT0NApE6dc,59.267625
JNd1W8LOYQA,84.9455
JOCmdY1g7O0,37.644125
JPXIZ1SEuYs,0.0625
JSBxZILVnXk,24.603375
JUc4G9QE-78,79.459875
JV37Hzh02UY,32.159875
JVHL4LXZVWs,34.2393125
JWFzPSXdACU,228.3011875
JarxyArRbG4,30.8058125
Jbx61y9cSGo,43.918875
Jcz_YZzxsBU,10.200625
JldiwRGUKRo,44.451375
JohbwFVwuQE,94.15425
JtxnPV-3euU,162.1048125
JuQGREpJado,155.17325
JwIQ_9UwnqI,112.312625
JxB0NjOHYSc,136.722125
Jy8wwyaJoS4,79.435
K-k0FOuJBBM,66.4149375
K3j5qOIShxo,5.447
K6sCtp45ukM,143.3985625
K84EZiXvew0,110.7095625
K92MY1Aooz0,10.9955625
KB9GW3vm238,141.9501875
KB9mkEjIW3c,145.745375
KBppvr65N_g,193.87425
KChfZKI7j2A,5.4194375
KE0Go9X93NU,28.1778125
KF64c0B9_1s,182.3174375
KTzBiFnx5Uo,111.08975
KVlC-iCJw30,1.8720625
KWWpBuEkAvo,14.4639375
KZ4uck0lj8E,95.5555625
KaudYPzCQC4,6.3840625
KhzxpR1_part_3,458.2706875
KhzxpR1_part_7,413.136875
KkFUQhh0bM8,0.3441875
KmJUJTHl9yc,194.56925
Kmw6c0a_part_2,327.5556875
Kney8VBbdZE,69.493125
Koa0AgYO308,58.157
KsltZE0_MtI,45.8868125
L-Zbi7j3kyc,103.34025
L-oMmrkDfmA,129.713125
L4JTnmVPNao,1561.7956875
L8XBcVi0iNU,170.3896875
LBMro72jWXA,169.225625
LBd566t0FzI,8.12325
LDr2RogEsiM,119.045625
LFG0YLiqHHE,119.7448125
LGjxyj8n7Ho,14.4824375
LHkS7JS_part_9,5.3916875
LJhhf-_FZlM,98.086875
LK2eIzarfIA,108.127625
LKHh8m1is1I,19.4688125
LKMZyDMsVos,59.9265
LN66FzNF60o,61.0445625
LNGQiHUZYCI,83.900125
LNs_Gyz9fic,40.24425
LR6OWNbEVWU,100.13425
LR98AEAgnYQ,91.135375
LRAVZB_SJK4,18.3956875
LSnuik3_fho,5.9374375
LSwXh1Y5thY,124.676
LTdATHDZoLs,160.3995625
LaRKGpCcDM4,103.2999375
Liub_zxsb6s,64.3430625
Lk2m9rkbiIY,6.8315
LmfSKaKgeHA,22.9128125
LmzbyOnejes,157.3285625
LoNRAP2kKEs,98.86375
LocLH0rGG_g,24.288375
LqU2DI-YKpw,23.0895
Ls-VLPrrthw,8.285625
LvZ0bd-7ws8,47.2790625
Lw4ZuiRPR70,337.44425
Lw5fxN8IoNs,122.7556875
LyZIyDVehzU,12.99
Lyhyw9ZPW8c,31.6313125
M-YpyeeYI-I,125.90825
M0UMsJPyVo0,31.0815625
M2CxVlEiYvE,11.5968125
M8UkXdIvmL4,106.2291875
MAbdfFZcIUo,10.3556875
MC-ylFB5UOM,73.9548125
MCWThxRWZyc,55.230875
MFGG_Cxljsk,79.4363125
MHP0iMCOYa4,15.657875
MMG8wfMhjpA,78.210125
MPGFCmj55aU,10.377375
MQ031C_yaKo,54.11325
MSJNAClDiGQ,59.615625
MWUjlU-qcWg,16.5966875
MWeqmHsaLGw,9.787375
MXK-InD7GBU,1954.5349375
MYFep2d2IFs,67.537875
MZ_fNR5Nx7A,25.5718125
M_VDLJTXoT8,9.823875
MakW-iCu7Gw,74.3263125
Meb0qIEKX84,21.00475
Mi1cMVj3gno,71.0338125
Mji_3fZQDic,14.4201875
MkAdQA9K7X0,150.2291875
Mpfumj656V4,48.8743125
MqPFzbr8C1w,94.9296875
MyYLVeQ9Fhw,143.948125
N-1-x_Snw_U,58.371625
N0tL2gQiji8,103.560625
N8O-soSRO7E,11.1031875
NGOOLK46iT0,157.0416875
NKZIPp1XcM0,57.4065625
NUMhNWHwhVo,82.148125
NYQ45BJC38A,81.3794375
NZLwIjp3rCs,10.32325
NZauLNb8jyI,129.552125
NdQudWDnW24,16.806125
Ne8RHcKnJaU,146.55275
Nl69wTZKDq8,114.6953125
NlaAFzjduBM,31.1568125
No7M1JvKc3c,111.67025
NtKwr9EstlU,90.511375
Ntd-Pa7R53A,67.9035625
NtkDsVzhy7I,32.831875
Nv8PZIzrQww,191.3866875
O-mPAcFBWT4,8.9291875
O0Zjy4Hclmw,101.566125
O2nzFj_4JRU,11.8716875
O4BM2Ir_part_1,239.7598125
O4zb-FDRyws,27.2796875
O9CKHN1AuSk,4.0925625
ODqupwUnmww,103.3624375
OHf6p-C2ddY,63.4129375
OHwUHBfKC3s,28.8901875
OKxMwjSPrlM,89.213875
OPEOPkXCdNk,15.80725
ORyx3i1drfs,38.4894375
OYDYBaHDIRg,114.1276875
OZeeyALOrtk,132.33175
ObdijMOKMts,40.5124375
OdPoloO4phQ,22.1131875
Oett5mUsJmU,14.487875
OgQ2AeJR2tA,29.1555
Ogin7kERbco,101.8285
OisYCj6iG3U,26.161
OmJ4lC33e7E,33.9995
OmSu1hdHaBY,30.005375
OqDBd0PUZAs,33.0273125
Oqa79bq61FI,168.3659375
OsKnElKktPI,18.4595
OtgkezUHEmM,105.589
OuRy_WgXvTQ,21.7505
OunrzIM0L7M,16.0588125
OyRcHl_Kw1A,72.5651875
OyoYTcUqFaw,32.0828125
P4G914LJFh0,93.8795
P4h-AynBmy0,70.9174375
P4r5R4JuVIo,166.241375
P5x7Gq19qBw,19.9213125
PCLtlSosAV0,881.6924375
PDpYc2y3IFQ,47.5473125
PJVU9YjRl-4,58.6558125
PJwTPpV5-7Y,29.4415
PK-ZGRe8CJQ,97.6688125
PKZSlYM6p3c,60.6393125
PM5wt7T_part_10,10.166875
PMdNTtTDxeQ,22.7206875
PTDNoHbSX4M,21.624625
PY-KLzhmM88,30.2314375
PZzSechfbXg,29.75825
P_IJ-7J9KzE,31.1015625
P_gPAZ6ZzOw,0.9528125
PaAmXVoTWK4,18.9244375
PaIDM0MT5ic,146.4190625
PaLLBOMjHQg,117.5699375
Pgprzpc_part_5,447.6505625
Ph0sC-LxPow,7.7184375
Pj8CZDJACmA,170.0905
PkNLTXMFgY8,152.27725
PlW2ZPYXwIw,7.4259375
PmtmEjcUq64,80.8326875
PnWhjbqA0R0,64.320375
Ppm55V9_6Cw,23.161875
PuaYKFEXufE,79.327
PwK5gu7XuNE,52.3609375
Px11qUsT0mE,35.258375
Q9MrQwv0EUA,40.457125
QAe-lLIoebg,0.64825
QDw4SQtkL10,67.5923125
QFM2Pmcmx5o,65.6485
QKxbX2yOY2A,33.9328125
QNaNo5jt9mI,89.7333125
QO1XJ-XXCqg,33.1010625
QPRazJD74Io,3.3789375
QSaKgl2-rgc,36.4084375
QUhirfITGQ4,2.9019375
QVZxRuvT0aI,55.010125
QWGA-M90-8o,241.16
QZmMCpYNZyI,16.1414375
QbUChkwoIYU,124.0354375
Qd938NXz_zk,1.348625
QlsSFi2pjMM,15.2575625
QmmcInTjIJM,92.8140625
QokPZAnzmuk,194.3910625
QoqxDpRqDFw,107.367875
QorKg3EKhjU,5.9810625
QqHOG9KSYAg,51.301625
QrxtatJ60yw,77.627625
Qw-sXse5J4k,117.559875
Qz8e0Ai-GLw,109.452375
R0Y51-D_part_4,468.2115
R1l88o8HhCw,113.018
R3gPIY0Pjg4,66.483875
R5DAVp-0gHs,52.055125
R5ZPp4wsdr0,118.596
RBK1faFZpDo,112.4569375
REGNsHrTYZY,19.681125
RKcdtZXDv84,72.274875
RN_8mBtynCg,17.7778125
RPo61ZCOFi0,60.8526875
RRpEJboKABE,63.3805625
RTEHDq_WgD0,754.236125
RTMXxIktTs4,0.0151875
RWBX2f-1SMU,2.2798125
RaL8Jk1H00c,120.877875
RbWMR7o8YSs,22.00525
RcZJi_2luqw_part_2,418.13225
RcmwcHVm_tU,40.60325
RdSVjPGccAs,22.172125
RgLyCWXMQzs,49.05925
RhWzphs5Pbk,51.425
RhgCYJnNb-U,136.74575
Rk-ppL9M6uU,76.726625
RmqAWsMV8Zo,47.6624375
Rq0CfYwcw0k,247.3611875
Rujeh0b2Y_Q,17.260375
RvWTkjuF6CM,123.174625
RxCzh1OyFGs,5.0444375
RyqX0jfbh1U,6.04975
S-iCcEHB5Nw,0.8684375
S01xVjjrNgE,53.1166875
S30EG79MqWY,64.4081875
S5I3k0pHA_4,123.1605
S5qzBrdqHiA,84.747625
S9jpq7erldc,26.656875
SI4wZE7jswU,23.004625
SIX2-2_ALaQ,188.3126875
SIgQ5_mLtMw,197.449875
SMh_uaipd38,47.1944375
SNFnTLC5-gM,4.04025
SOcbkakmVLk,99.908125
SP4aqSBEcMo,25.99825
SR6QCsCOY1s,10.9155625
SSaljpKw8RE,73.671625
SStXhNkRXYo,118.262
SUG92I6rooI,10.3861875
SYQPdr91WJw,32.6125625
SYn6NBd_part_1,507.902
S_-aNCfHEI4,3.1633125
Sc_bfmUOoys,23.541375
Sd986AvticI,161.3946875
Sfmc3XgDUPI,36.3585625
SgQ7gweOfCU,39.642875
SiPHz5ofh9M,187.7379375
SkQ-i62TX18,159.3035625
Slqw-92QL3I,9.6294375
SltTUk33W8M,39.021625
SrPM5wlG27c,108.355
SsUaSTN-ZHA,54.4121875
StA4EDJK_Y0,16.2005
SwDKONc5kkI,9.26425
SxmMfjSv_1Y,9.2295625
T-XIkTnUJu8,8.339875
T0ImMP5afXc,93.4625
T2NhWLLI788,39.9809375
T3qliVa1Svo,24.5656875
T405sgfAHKc,202.7848125
T7HfZxFr16Q,44.415125
TN8kpQ_-9JA,40.227625
TNmU62fW0AM,141.831875
TQvi4YdScPk,4.745625
TV18nDOQ-kU,20.3335
TW8G_c9jixA,131.0846875
TXQaecnjWuQ,82.0355
TXs8HNg2rsI,19.8126875
TZGqsyOJmE8,2.3010625
Ta9a0UrcrMc,51.1475625
Tbs-c3IPvLM,79.11075
TcYH7ymKC3c,46.2025625
TcuFCVJ7jJ8,180.75075
Te3ogmP33DM,76.1943125
TfWG0wN0UgA,35.559
Tg_gBwLlGl4,150.173875
TgyseY-Q3m8,93.6830625
ThAh9GqQhoE,79.092875
ThKX3jmVcjQ,258.605125
TkSwk1d_vXo,16.51525
TrXnJHKPrJ4,4.003375
TsS7H2xSYhs,40.1376875
Tsr0l7T3XfA,105.5273125
Twr8lklWzTQ,15.339625
Tz9EkeVGE24,321.773
Tz9bAZh4VCg,46.144625
TzxjP3lh0II,0.1038125
U0AacaeyrK4,73.882125
U2eFE42MA6w,24.028
UBNuoRuNEwg,24.2529375
UCa0X65G_Wk,13.024625
UKdhbkmRrws,70.6991875
UM6eNtsKm0M,82.6435625
UMY8CXFAzCg,61.9704375
UMetmC8Bcvk,20.0754375
UaT81pgZmv8,75.1533125
Ud7A9Ljkp_o,70.367375
Ue8RttQFDmI,85.9965625
UfT3I1_fbvI,56.1809375
UfzqqUnAu8I,66.0811875
UgDCFZ_Ghs0,99.6398125
UjZaRUkRqX4,122.6794375
Uk1wyl2I-ws,10.966875
UnSmlUbxGnw,106.5226875
Uqao2YizZOQ,19.9646875
UtSj4fQQ0_o,102.707
UtdglQjqGJg,30.1619375
UturuI5RDow,3.0625
UuztKs3edQY,52.13525
UxBLayLozbU,33.9523125
UykatLE7Q6c,92.157
UzxNg0YQW6I,167.3415625
V-eXFZGHfG4,91.99825
V-gxMlRezOs,33.3605625
V0OQV9P9Gww,4.7045625
V79u_lt977k,135.0629375
V7nrQFx_part_8,139.4531875
VDX-F2ph4Eo,45.086875
VG4HvhzKhwE,131.1956875
VGd4ZQJYMJI,79.126875
VHL1RuvLWA4,60.8568125
VIVU7BlLuqE,164.8345
VOR_SsYrpTc,217.958625
VP0nrk4Dr6E,129.679375
VQ8EkGRMgS4,39.589125
VR1n8ty73rs,1.6038125
VRMDUxTCcmc,163.7603125
VRiiYOA_part_4,177.9065
VRiiYOA_part_8,461.908
VRqT1dcKgVc,25.1419375
VVmZHRUyjKM,0.507375
VW14jg20gxk,6.968125
VWaXS8KshkU,26.540125
VXAAya1e21k,215.1045625
VZ1kdOdf6dY,164.0886875
VbTZfc0XGPg,14.167125
VcpflO9PhMY,71.091
Ve4ER0aWx0U,12.6566875
VfJJUCJFWms,1.100125
Vggi3Pf88D4,7.6586875
Vi7_i9nDgPY,2.597875
VlF9IVV12QE,81.988625
VmXPLWbVlwA,10.8318125
VnSbf83FKRg,32.06075
Vqz1HCZHREA,111.702
VsRlsxxhcMU,83.0015
Vt9wuzoZKxU,53.2015
VtlTTqW3C6w,93.321125
VuuWu2m_part_4,416.3486875
VvR73IA3hbg,3.7734375
VxuyGU8E4xA,23.7985
W1yggCCn3ZU,5.816
W4YV1ZGEi8w,35.421125
W5tDRMLpnqw,6.4095625
W633ZC44his,285.823375
W9-MZRHmHQM,24.6555
WAIX_wmj6v4_part_10,598.387125
WAIX_wmj6v4_part_19,41.6615625
WAIX_wmj6v4_part_21,891.438375
WBg470yunrM,35.7581875
WD4mOuRJjxI,66.9540625
WGySD3OlMZk,20.5045
WH18QFl0gnc,9.1520625
WH720lZOev8,31.4309375
WIzqiqVbtOY,50.8294375
WK6dQxtILjY,7.555375
WKutp4mU0ns,95.249375
WL8656F-ERg,49.4093125
WLIrwKTDppk,54.708
WLWJy1e_part_43,150.4215625
WLWJy1e_part_8,485.9119375
WMdi3kBkRK8,106.3886875
WPGO6ON7wUU,8.181125
WPe5ojLWKww,87.826125
WQgdyBbGsAg,12.6608125
WTAHIOqHbtQ,55.7018125
WVWMYHvwRhY,208.15825
WX8FwfNXYko,132.483125
WYhc-i--prI,64.3740625
WZobBXxJzKw,0.257
WaI5N_PNucY,30.163625
Wc4K940wsVY,47.073875
Wd9ohLUyxBI,9.673375
WdkxbFeGtrU,30.7645625
WinxXISX5yo,32.36925
Wiot5Q-IARE,4.4343125
Wj7e_tzRYgk,34.1648125
WjnmdyGS_AA,16.4256875
Wn1b8om_1-M,20.0774375
WoEuzE1-8g8,82.4958125
Wouon29gqis,35.445
WpGAQ4HJpV4,186.140375
WvISzhfotqI,17.364
Wyoir3Xk9uo,18.4261875
X0GZgd0dN64,96.0893125
X0TzKp_aiCA,79.429125
X35IeaGQk-0,122.139
X4K_ELrXYxw,62.1164375
X7EkicawfXw,10.375625
XAs59Et8yaw,114.6751875
XCmI0BZEdcY,10.9061875
XHcBCuJ1yUg,12.357875
XJJZL3Pktpg,42.6425625
XKsTEMZzVqI,100.1994375
XPMvVF58kcE,106.4913125
XPyOfkIzRPM,31.0984375
XUOGh3qNFws,169.1244375
XUzt9W3FVMY,151.6331875
XahYwLELXmM,100.0651875
XcOWrctFrkM,174.662375
XfR3XTCQ6kA,114.96675
Xl3B_KDLiTU,0.9276875
XltdPNwl8ig,191.74375
XmkPdP48r2M,10.442
XnPL8Kl_part_31,257.7319375
XnPL8Kl_part_6,373.9760625
XtGx_Hial0U,72.8874375
XtV75VQ153k,0.465625
XxYEqBKlDmY,61.46825
XxnSKpk1Kk0,11.4795
Xyc9i2R3WII,184.5250625
Y0uLPUeS0FY,7.0215625
Y1f0zy1GPHc,139.7838125
Y29KG8QgTCA,66.156625
Y2PswqidWSI,46.07875
YCBUPlKuCdo,70.716875
YEzkGOBCNDw,81.0655
YGTrZSZxXE8,12.326375
YJ2B2mJ9_pA,22.888375
YJAla0BYEfk,85.4643125
YLORcs5eWD0,152.9225625
YLnFl3fzLt0,103.6768125
YNnVtEx8ook,1.7593125
YNzLTgc88OE,44.1233125
YOy35DwyfRs,36.7241875
YSnoGKc_Fgc,72.3571875
YTm3wrq8cSw,529.5143125
YVoEUgTTUKM,8.989375
YWydxhjpqrM,0.0566875
YXSRbGZasho,2.9195
YXYbs3WjIZU,101.0608125
Yb8M9VXCgs8,2.907
Yc-CUhS7-Yk,186.4985
YeLN6pLGevM,19.0836875
YjsjbpPcG1c,30.2424375
YoGocQZU9vE,10.91125
YsTSEQ20brQ,4.606
YubsCfqe2yc,2.5721875
YzsQ4NQrw4Q,4.2680625
Z-Q72YA3DFg,47.355875
Z12q-inua-k,91.0025625
Z3UWh3tuHkA,1.7386875
Z6ZOgMU_part_2,162.652375
Z6fncjb5Ryc,14.9341875
ZCP2pMTClYA,4.9911875
ZERlcJMRWf4,86.03475
ZGyoc4Te0Qs,5.5564375
ZJgxZXYpHA0,92.2543125
ZJj6u8Ts8ps,8.296125
ZLfWLlnw6T8,171.98625
ZO2GP1_qzRE,9.2165
ZP3i3a1ceeY,103.80775
ZQhNHviUL-k,34.4485
ZQqYXN9vDlc,81.00175
ZQrxXVX3hbU,30.5645
ZZmqiec2_v8,26.3896875
Zb8_9uGQcXk,150.1155625
ZdkL5JBMM_s,6.152125
Ze-4-l-HRwI,10.806625
ZemUNg9XnY8,23.2708125
Zf6bbuJeRCs,61.4994375
ZfgWhCeevv4,36.1659375
ZiJDmJTqxbI,67.5405625
Zj0iyf4w1U0,334.9199375
ZmCZV3yn1A0,123.8948125
Zmr4uaMcNRI_part_6,659.20175
ZqI6-RubsoE,35.17325
Zu5Fzv5B1Dc,6.47075
ZuRIxOxfC0M,18.815375
ZvHKVb5DWdU,65.041375
Zw3u8Ckcfr8,76.101875
ZweWAX6sbXs,178.603125
ZzyPyYKNFSw,154.3914375
_-1NBrIm68U,74.5265625
_1GY7fqeCkw,99.138875
_44VzQgh9TM,199.7318125
_4TANu5Ly4w,56.564625
_9obNMoA-WM,1.4673125
_F2dM0asw4g,7.2484375
_H3DwwriQMs,150.4970625
_KSiju8N8JM,57.1229375
_Kn-X-LKKOE,66.36775
_MauuEc9PZs,18.8975
_MwouMm_mu8,49.21125
_PFHlsVgUFc,2.2606875
_Q9uJb8Ynk4,66.9981875
_QmBFoCdHOI,0.597375
_S1E7W5CSBU,78.925625
_TYvhtbteCQ,10.150625
_VZXnygn_bU,73.1245
_WCENT8CGgw,17.621
__asc-c5M1k,116.3895
_hAd1jXtVKs,7.7706875
_hT8NfM_lpQ,88.04025
_pJLJ4BLYo0,172.78375
_qeDX2lFAUI,1.626125
_qyxEKv97ro,77.494125
_ts61DTbqcQ,216.2581875
_vDbNWnZTYM,214.638
_y4ASxQuabE,11.0045
_yg7Vy9dKtE,18.581375
a-bxHUWGf70,29.5885625
a1kg5jyc7n8,25.25675
a2Su0HEYIP8,4.1619375
a3VZWqMm4Co,1.8031875
a6lvYLRfx38,49.2825
aA2Zhr6olx4,32.4238125
aAslyGexstM,52.803375
aEEvHNAKR4M,13.44525
aFt0GyWU0ik,16.25525
aKIJDfIsS2Q,948.5190625
aNQh5VAv3gg,113.65525
aNafvFjWvq4,4.5973125
aP9mmatQ518,0.487125
aSSVxebBJgU,46.3983125
aUw1QKmyi84,38.3750625
aVdydo_RCGM,28.200125
aWjQUVKBXE0,6.6166875
aZ7Whc6RE-0,31.114125
aaKh2Jruxzc,75.1145625
adSMHTAqqmI,116.2083125
afO35M6ZthQ,93.5144375
agIoJfSbQyM,89.56725
ahjDGmHR-M0,15.4505
aihmo73fIs8,73.819625
ajrNelGN-s8,84.9211875
ampeLV7OO4c,3166.0150625
aoGWdWVzpOo,47.9685
ap_bBpfGxVo,65.997
araSxnzCIhE,2.5720625
asUUKGlCvDM,50.9469375
au1JBROR-Dw_part_5,747.086125
b1oAFfC0P8w,0.5190625
b21Mva1YcYo,68.994125
b2LtpiAaSrI,2.577125
b2S4mfgHXnE,314.415625
b5qgdo57UdI,35.6615
b6Kej03T-vs,27.710875
bA2TD9twz8A,9.6630625
bEdcZDm4uB0,25.7731875
bFfZy75io5k,18.836875
bIx4Dwk_part_1,73.1045625
bIx4Dwk_part_10,396.041875
bIx4Dwk_part_12,14.491125
bIx4Dwk_part_2,507.9235
bIx4Dwk_part_3,68.0439375
bIx4Dwk_part_4,314.7385625
bIx4Dwk_part_6,48.987875
bIx4Dwk_part_7,383.416375
bIx4Dwk_part_8,466.582875
bIx4Dwk_part_9,298.0285
bJ9aRLSO32A,137.4055
bJM_sz-aANQ,2.7695
bKBrtGY5cKA,73.9891875
bKSO4gcSghI,18.7075
bKmJ8eZTeMA,46.82025
bMBcDl9Z2GY,58.0943125
bNl8jDM9Ong,149.676
bRGvgJAMRBE,0.97525
bRHMZ5p_part_2,203.7164375
bSqrV7AgmoA,62.09525
bUfGZG9PVoo,207.4975
bb1hEP3AALE,38.8534375
be2v230F3Mk,47.869625
bhXE0bhcDIY,125.378
bmFqzRZrbjc,51.1455
brM1Ngj_part_16,83.013
brM1Ngj_part_7,334.472375
brm0BGwC67w,52.7536875
broOkFaykjY,21.959625
bu1MHJra55s,22.245125
buroWB9ETRw,157.7113125
bvDHPFkF1hg,98.7575625
bvLcgCiJGTQ,66.893875
bxzfXIoKGcI,0.861
byIdFn5VZrU,22.763125
c0W0heMtPNU,3.8325625
c26YNcO3WFI,1.438875
c4qcrfPkRhk,0.3699375
c7r0hBt-hGI,60.4521875
c8RonOl64a8,11.0920625
cFo623YQ-Zc,3.2174375
cGYyOY4XaFs_part_1,972.0489375
cHJDMFjjfZk,140.4695
cJeCACXF8bk,8.149125
cLVf_IyULjU,68.03075
cNlVdgY4lhw,54.628
cOAHOIrEqyA,14.160625
cPUqFsO9MbU,913.5169375
cQwysEV6WME,41.56475
cRJ2-7NOoIE,49.62625
cWFwlYOCMHQ,5.6920625
cYqEIZYzdK0,5.1121875
c_tHKlV0bl4,97.0595
cfDO4hoKoW0,63.6823125
cicCA3fwdls,82.2386875
csEtTGH5peY,33.8935
csTSuEV5PFY,31.807
cvA8PDrDO1U,7.596375
cwDl6UD2TNo,89.465
cwXv_E9nI0Q,54.68225
d-qogTk2pcg,116.258875
d3L0ndcDqVE,9.3229375
d6LgF9YFk9U,158.2830625
d8gs8iLoEUU,121.4873125
dEcaBPoK7G0,15.0090625
dExLPV4woj4,21.620875
dF8a_URW_2k,8.88775
dJUhnwrXXFo,1.22
dJvEQ5sb9mk,8.6034375
dMNQl-ZJ3Pk,22.07175
dMPlntnv93o,15.0233125
dMbh6k1aFcM,67.4445
dOQz1h81l2s,28.15275
dQ47U4TPew0,8.414375
dSCcZOVYnZs,78.8975625
dSXFxfvPEY8,16.5046875
dU-7qfc2gB0,31.7834375
dVGfouRh4ZU,20.837
dVKbG_Tp7Q8,60.2375
dYl_rfDzHVM,23.0590625
ddrlucEtC5M,90.0965625
demR2Qupvvk,1381.034375
dexr2Dq84pw,29.7736875
dg2CTwurRws,146.387625
di0NlW43EEE,54.49175
dn9izpa0jBs,26.947
dp294HyceRU,172.3815
dp6wHzfAH7k,206.3165625
dpsRdKwiPps,49.1715
dqSpAbc4wZw,6.5973125
dqr5HiQLzNk,69.5389375
drRzC-_BClg,116.9636875
dsW_uA9DPmw,18.897625
dsc5uFtbIE8,10.288125
dtdxNL9nE-Q,0.098625
dxSEDpREMXE,2688.0315
dydmq_W5MNo,7.0641875
e-tHAL0Q608,61.83425
e2hfX_Yr6Wg,45.7751875
e6a3g-qmWd4,66.0435
e8CLqAIW8MM,150.008375
eEu4eXS9-1E,42.6534375
eHtzkc4ODV4,12.260375
eJLw1w3odcg,2774.455125
eLh5bSjIiZY,83.4445
eMXobkEO3Qw,21.3339375
eP-aSzVQa7w,0.243875
eQ80hEW1_E4,19.381
eREeC1tUoeU,105.953375
eTXBPtkqCz0,50.7950625
eUHo09Jl9Ic,1.0259375
eV-4S9gzqAE,145.8758125
eVqOEPcYMgc,24.64275
eZA0tNTnufs,89.9929375
e_AaPV5YMqc,99.0715
e_vjd8mxU1k,79.2539375
edxHi4f8TVs,11.070125
eeHNey4BYOA,41.595875
efVk0pBoi9U,0.657125
egrG9PGUgXw,1.382
ekPqGrNoK3g,66.918625
ekQHg1aAS_Q,231.2851875
ekdoqHh0f68,51.5440625
elLpkAlRW7s,74.6781875
emw48yZGijM,181.58575
eq3HmXqtU0g,38.612875
erUp9nmytk4,195.078
etYLj9jQXoI,4.870125
evfPHPSMxgw,0.2616875
ewBeNC7D0TU,51.0205
f3WuFHdBqZM,58.313875
f83ZXx8qYmQ,45.426125
f9kFDsh3IQc,102.154
fCPQBPyCrM8,39.54375
fEL_J9zVfXE,2.8020625
fELggcbjZOI,74.8699375
fHSue4hB2d4,85.0800625
fHmE7tNKXks,108.1220625
fHx5Zfpawc4,13.233
fJOQQEpWqnU,77.155625
fOWIdXLjVFA,25.4629375
fPrzWeUDsn8,99.1079375
fSW-K72HLHQ,18.289625
fXCR9we_part_1,123.018125
fXCR9we_part_2,237.145
fXCR9we_part_4,322.4198125
fXgFW7MXF3A,18.611625
fY-wImNxrWc,19.2506875
fYqqZTzfX60,20.9954375
f_OdzGeSK6w,59.52725
fcBd5Det_7I,40.574375
fcVnQ1Ou-ZQ,65.86275
fciB-4ymUSU,17.4954375
fczxPs8SmTU,66.03325
ff71sIY4NXc,0.8276875
fi0Db7lRGHw,94.0646875
fiTHnAilNMg,5.3685
fiooocF_part_14,20.4651875
fj6dtidon8o,62.627875
fk32QFqYMMs,33.0555625
fl1bYqyd9rA,43.1808125
flIPbYbKaM4,9.9316875
flYf_Ivq6sI,113.333125
fm28Ybw--wg,43.04725
fmLijbAiK48,12.82575
fnf3mW4DBf8,94.79625
fox_5DQ8Hz8,47.33675
fplDWbdUGfk,30.9599375
ftzkAf8T9tU,45.492875
g0TG9pAcSA4,57.8034375
g4xoe5Ccuzc,86.24525
g5YV82pbLl4,18.575125
g5wF0yfF5W4,26.306125
g9CzPDXaPT8,24.3490625
g9nBZzMce6Q,64.56025
gB6RqjLPe-k,180.8889375
gCYd6EC2VbE,96.5721875
gFjP2hxxa0M,2.4639375
gHE6mcpLUL0,136.033125
gIyGfaYGOfE,694.134375
gKDUX02j2vc,24.0919375
gKVlISZEAVA,89.56675
gV4hSvDr_qA,73.956375
gVP1Nfbq5_s,2805.9656875
gWh7RJLPlqw,55.718625
gXZ53GhtUIA,86.0703125
gXrc6EqOn6I,176.6749375
gYO61_Pm-lY,44.8455
gZghE6DgAtg,27.2790625
g_wBElwbPRE,26.708875
gb2vlScadQU,74.913625
gbxgMFMuT_4,119.3235
gcZ2ZJmXefs,71.16225
ghRDYWdkcRI,21.134
gr5Dbe2ASyw,226.15825
gt7KdO5PPMg,0.15775
gu28JEVEiPg,172.079375
gwn3jzfTJ5k,24.1259375
gyt2bD0Z55s,58.5929375
gz1iO2k-DLQ,31.70525
h-yPQmvJsXs,55.2529375
h1xm5xRwwXU,24.4205625
h2eRUMQ7tm4,117.9970625
h5mjdf5fE3I,111.0106875
h8HRlcL_XuA,37.5216875
hBEzn6tU3qE,73.5885
hBR6aKWCx_A,14.2401875
hFUTe1yLynY,78.5586875
hKYDNXbGbeY,24.7368125
hOxGbi0Rdzs,0.8991875
hPXhU8c_Gdo,12.8969375
hQncT4H_part_5,263.2885
hRi4obJinjQ,49.2405625
hSDJAqusS_Y,12.331375
hSFNy5yT9vY,7.230375
hUTrq9GPr4w,48.5168125
hV7AD9zowdE,25.2020625
hWhIC0Ac9KM,3.8586875
hX40g0lu-AA,109.97975
hbwLK84kjWI,15.0009375
hi5bbqp4fq8,156.84425
hk4e6tkg8sc,146.1459375
hkAE0hXG9Pw,55.9696875
hnAdgTE4UNI,69.0586875
hoQtG4yZwu4,31.8039375
hqj3ghATXO8,59.998375
hqjQN8g1NGg,8.3700625
hrZiZoov06k,88.824625
hvIxY1xs_EI,26.0665625
hvnS79kC0jk,197.748625
hwy9N5sGCPg,17.137
hxSbDliHwSY,109.0519375
hyRlESJ0LKg,20.6286875
i00JpPuJ6r0,64.15075
i0QVRW5oNMo,28.4631875
i2Awa76mNIE,15.3583125
i3lWP-7lmZY,120.0155
i83CfcEp5Qo,110.9671875
iBPt_x9Juxs,4.1756875
iBkDXPrDWlo,123.5726875
iCOtujBXK7w,0.2344375
iFneeRB9ehQ,68.65975
iFuKgs6KpIg,15.2886875
iIKktkNx-K0,98.488125
iKbtCnZzk9s,14.2180625
iLtJSu9-7lQ,261.133375
iOjHKDlamWY,3.72525
iPJqJoMF-BA,44.430125
iQ2RzBw_part_3,131.861125
iR6eykihBlA,6.7074375
iSPvZ-Gwd0U,55.9654375
iSr5b0jvSDs,7.3135625
iT74vWg_part_20,56.8471875
iU5EYjxFaqQ,82.026125
iX6a1jYKMp4,0.892
i_i5HdBPpwY,22.8155
igavuOSUS7E,171.97825
imgToqsfp9M,4.5366875
inghUPf_part_1,244.46625
inghUPf_part_3,146.2189375
ir6gHLMXq-0,2.566875
irmX9mjysGU,83.7885625
isOPnrdK5cw,31.832125
itvkxSffHn0,8.3839375
iubBahNDEqY,149.892375
ivoW9xlPoIs,144.2725
iwdKlAv6GYc,50.8719375
iyDa9NQhx-I,36.6885625
iz3fQ6Nzc0s,25.6250625
izs1oLxZhvk,18.558375
j1RRs8_xOsA,83.3145625
jAEjfiO_part_4,457.9475
jAdNZkx3v3E,86.5614375
jBtefFHh5eY,22.0166875
jCzDyAHTm5M,141.0285
jEaiG8nstTM,145.8511875
jFAA3YCKGXY,72.81375
jF_E3zmyVyU,52.6336875
jG4wRYWuqCE,31.0839375
jGIG6KCst6Q,38.925375
jGVqne0uHls,16.909
jQyT3V97vbA,92.093125
jR0x_lfajS0,91.8905
jSuMpm-66T0,0.813375
jTbeqVM0rO8,20.802
jW-iufGr7_o,4.180125
j_3tuqYNB7I,21.1655625
jj7grdI4rBg,46.229125
jksdSZyuaJE,10.54625
jsO294dbb1Q,25.0345625
jsQkMyrEAEI,100.3266875
jwmD1Lw8J30,12.104375
jx89qhlHQDE,169.838625
jy4SGWAhsPo,28.87075
jzN-GxgmMM0,7.7239375
k4pi3A3eHys,41.331375
k749mOIjMaE,83.9680625
k7VzNjvs7Vo,175.541375
kAD85Nfl5Jw,15.92025
kE-qdYubL04,186.0899375
kEthz_6tCTA,289.3645625
kGvGnj2W3wM,81.1753125
kHgvuBwtmeg,70.5460625
kMRh3S4ZYAM,102.9511875
kMdsjRMKv4A,20.95875
kOOgnswkHaM,45.6395625
kZm1x6s8STo,183.79575
ketyAIzFgpE,57.1015
kfuL4Ts8OZA,59.978125
kgbiZODJbdM,36.6049375
kh2W96kIoMs,0.23675
kidcbuS8SZs,12.5666875
kiwm0ZU-VzE,68.46125
kmeCK9p8M4k,142.2275625
kt_ELiL-GIQ,67.1771875
kvCYW_tVKG8,154.942
l3zibH3_part_9,496.6904375
l48lzxY_wTI,62.4799375
l5HcMJiGc-4,117.89225
l6nAj1t3kXk,76.8945
l9fLhE_97Vs,111.467125
lDn0dEvIXLQ,1.9226875
lKd_c3HtAnM,17.441625
lMZNWYE3n9w,64.71575
lMki5RJOiG4,145.54625
lOQTJCkb-Ng,69.173375
lOkdJO0TBPo,18.9583125
lQHx8AWxEkI,5.57975
lQmQnTvgxCg,42.000875
lROKAmV2nl0,117.6636875
lU0VKdwgXvM,116.5270625
lU8JydytRWU,86.20975
lY_m8N2sEr8,17.5734375
lZJYQD9iI_w,138.548125
ldTz6Qt0ZPQ,19.8983125
le3GhMlaj-M,4.0128125
lgRg3LpafT8,173.3259375
lgxXiupomvo,63.9184375
linn4-CvvG8,223.9004375
liuo-iJwH3Y,28.5458125
ljJGXUCwzfI,296.1955625
lkAfS4v2AvQ,12.0320625
ll6KoGhCukQ,62.586875
llMSUfkaYCo,251.740375
llz-n9MDhwM,27.0048125
lnc30nCy8T8,34.4725625
lofBjQKOvxI,18.1994375
lpDluDZPxuw,28.6029375
lpblc3Buloo,45.2613125
lqFVcJPFfvg,17.73975
lt79FaR_part_3,413.2754375
lt79FaR_part_4,96.3809375
lvBZDYMXwr8,38.56275
lwC0AYQ4Qks,161.0523125
lz-wEmYk1Do,42.127375
lzddg3_Y0vQ,9.78
m44cR5u9SJs,182.894375
m4VbcmTUm5s,0.7081875
m5szc76nUUI,120.8745625
m88DXcqg0P4,22.363375
m9gtZhl9Ec0,80.8139375
mDOWEYF-XY0,5.1148125
mEFtSZ-7Of8,30.657
mEYwVJkgmA4,121.6283125
mFFn3_8U5zQ,1.5846875
mFco4UeAdUg,95.715125
mGddwD3cm3E,140.3228125
mH9Qs97guv0,44.4758125
mJCnKxGPQwY,18.90525
mJF2xRh-HSM,151.9373125
mJmRTSFxHGE,127.3125
mKSh5w8_part_17,31.6239375
mK_ubrgf5Gc,77.5680625
mO9TMpviK-g,63.9613125
mVj5DlVnTyc,180.3086875
mXxeBPTEoAE,73.592375
mZi0azTziUY,1.54825
mbopPiXbtAc,254.64375
mcsOhb0QVuE,67.3751875
mgv0l3M20eI,124.0349375
mhLiAhUpDik,149.4113125
mi1s7gHMLCk,32.18925
mie3rgkcVKY,48.6408125
mj8fg-SMnqQ,233.1950625
mkde7nl1Cow,44.442875
mnTcHpIhTQg,70.6890625
mn_42JWnRAY,136.7123125
mrwDBcl17Bs,43.6645625
n-2cDBTZJUU,66.0076875
n2oBX6d7_Aw,114.8245
n2upLisZyds,2.849625
n490gGBZQjw,80.309375
n5FQ2dMioiQ,47.6868125
n6sjHGMk7fo,114.6815
n74N0UQNuBw,0.4174375
n7Qpncj0PlI,88.0365625
nBaI5Q2xw_E,134.434625
nD-tH4gm5ak,0.5713125
nEHnLlmg9FI,3.9199375
nJtOHPeuQe8,25.801625
nNqrbQ-OEJ8,23.0043125
nPbOKdQyq-U,16.7694375
nQvNIjb75iU,68.112375
nRc17yojSaI,5.0460625
nUAS6FZwbYc,3.1771875
nUdzMKCOImM,0.29475
nVBl65q5wcA,11.3205
nXeMG6b3AcA,37.911625
nZAAtN9rIXc,51.76325
nZsGrR7YbgY,22.539375
n_n2a8h_part_3,375.168125
nbDcWYl2lJg,116.869
nfM8JN0mTUY,287.7679375
njQrVn5QV0s,76.189625
njq000_mxAk,3.46975
noHIUtT_part_11,298.0630625
nv7P8Q59pX4,6.6884375
o0_aQlw8rGI,134.1925
o4M3evpTKaw,91.727625
o7940lwef9M,2.8845
o7hyrjx3Gl4,25.049125
o84fwIm1fak,115.3856875
oAfU-b2ARXw,141.7650625
oDovCLJCDPQ,175.4071875
oFCy3vEIAQk,106.141625
oFGdT6JIgsw,101.7865625
oIw4UWr4jCo,60.7496875
oT5SvvUm-bs,125.45475
oW5FGUfk_60,86.5106875
oWTkZK6hgHk,8.210625
oXoQYwQw3-E,4.0965
oY7OHGTTKNU,94.6971875
oZ20cD6iSFo,146.3006875
oZiAyVaYPWI,34.4343125
oa1R4gPtkzg,92.6411875
ob7Ucvk_part_8,46.2690625
obqhcuqIN58,36.7958125
oflIh6YrTNA,26.1384375
ojF-tHxWlEM,72.0678125
okYIz6pt8xI,29.133625
on4IoQ2MQ7M,56.6475625
onbiHpNhOyg,1.568375
oo_0Ezdbm6g,121.32375
osa60046xcY,23.198125
ovNIPmVTt3k,53.0088125
owcg9vH0a3E,117.4260625
owgTl7Ezfgo,182.5830625
ozPZ9vo_part_6,155.5108125
ozPZ9votiIQ,6024.7206875
p41o4e_YBnY,10.6589375
p6c1Q85bQ98,101.1801875
p8nTft10YR8,41.774
p9MQOw_-FB0,15.9668125
p9OnbddKmbs,1.87875
pAXEqyf10tg,31.65975
pCTE-T47sQY,44.026125
pDPwNFAMq-g,43.1369375
pHKssqFwCUA,10.3868125
pJ-TVaaD3N0,44.8920625
pJN6fmRe3WU,54.2770625
pMA_4z_Xvi0,133.055375
pMlfDkXNLH8,29.9188125
pNvGz8z02qE,47.734
pO7RPJqlD8w,25.2545
pYmBp-KOsHA,19.688625
pa-JbI28K2s,200.46025
pa1bkMo_part_14,14.016625
pd7LUC8pL1E,60.66475
peWnJOxtV4A,70.4508125
piwY3IbcVvw,78.274125
pnKpOrNFeqM,23.8471875
ppdUqBQPBeo,33.7756875
prgltWzvUsI,1.7605625
pst7Hkjx9ww,11.617625
pvJBshu7GdY,88.0455625
pzVzUKhBquY,95.596625
q0jh-4ZOcsc,4.6505625
q4QcMFZJblU,0.64975
q4jjOnpDOgw,212.9413125
q5AZOn1lGQI,10.669125
q7KZjmbrfDo,16.879375
q8mFh7C00oo,16.1528125
q9SSxYCS5ko,2.166625
q9tuoCSut6M,73.9706875
qCzrVoTTbQU,179.449375
qFWtHqsK6g4,216.281125
qG2y1SvYerw,34.94625
qGZ7jT1Op78,65.677125
qHnbntPjy4M,104.6135
qHr11XleFnA,145.9775625
qLFs1N0Mt60,7.152125
qMVN7BdfNWM,65.0778125
qN53zQ4n9dQ,96.3473125
qSO-dxNh2TQ,37.2248125
qSYDDvhv424,5.912375
qU68iF012kY,87.1734375
qVjcwsVjRgk,1.5666875
qVwEjOyGf4c,33.3135
qZBPx4ST6qk,26.23475
qewr1aucO9Q,81.3483125
qgvmpbVizOg,74.6805
qi-dJiv5UFg,6.857
qkGJJymr93s,115.8904375
qljGKFBLzU4_part_3,278.24225
qmj9yY3c7Zo,66.3171875
qmz5s9UhJB0,0.9841875
qpaWYasWWcs,69.7965625
qpp3FqFv-mU,59.2189375
qtRqO0aTjcw,96.9456875
qujbY9fnxzU,115.6100625
r2AYhaNhLGc,842.260375
r3xeCZhpixU,11.127
r6jX42Ld1GY,17.0146875
r7n4Dthmtmg,1.1941875
r8ifP71heMM,13.6815
r9E2VAJdVV4,42.708375
r9kT8P7UV4g,101.5123125
r9nz6c_9MMg,30.2193125
r9pb6Zn1YTM,84.3335
rA_2B7Yj4QE,154.414875
rBz3NvXatb4,79.0618125
rEOwsHP2Y9I,89.548625
rHGXg25nTvE,56.745375
rMXoD8Npc5A,183.1214375
rO43RxzZ8XU,2.1183125
rOEMKcPnkjw,108.23975
rVFriqJgAgc,54.7666875
rVpEudtYyzs,41.7678125
rWppq-V3WV8,69.328375
rgOY4KcE5Gc,8.5758125
rk0tM87ptMM,16.628875
rkSDKDYiduY,117.68875
rkuheKLyiBI,69.29125
rmP2u0ymOqU,71.7163125
rqj9X3qgagw,50.6624375
rxgybsB79Wo,43.490875
rzx8jKJxQJ8,43.8455
s-UjwvJ0eeA,30.114375
s3ic_GEAuno,63.8896875
s5hL2F7_oQY,3.5088125
sAWGcV07XAA,61.3183125
sAlf9xeqGQU,123.66425
sBTlb-JkYrg,22.7823125
sCqwcMgR418,91.9839375
sEv7t6w1f14,0.364375
sF1XKxgOc_U,89.0485
sI1jpYTboho,165.66375
sIjO-pK_DSs,30.3689375
sK3qLgyP2T4,64.3024375
sQQ7WAg2REg,17.95825
sQxrm6yalxk,131.4756875
sSAI3jllqFw,6.0593125
sSRLR7DQ6Dg,15.677625
sTuBDxI9yR8,21.679125
sWuGSgdXAGg,1.3854375
sac63g_kPow,0.052125
scz8BvIa-9Y,41.5505625
shN15RhYoCU,107.8173125
sj-nW2Ax7ao,77.901
sjXzX1yn2rg,86.014
sm3LPY7xCyo,23.8543125
smKg7ItBUBQ,77.0945625
snvYKeqetc4,26.9554375
so-CMFWbLAw,40.663125
spbn8W8YX4k,39.4743125
stDmmoQhCw4,11.5600625
staE5zq7tPQ,1468.067875
stpF2txUqL8,25.1618125
sw5zIYP24ec,22.7953125
sy2O-d6eqDo,28.4903125
syOF5d3620o,183.1765625
t1-VoQgSfl0,3.1246875
t4kVh9WFt2E,86.5205625
t71qU7ruE7k_part_19,653.1898125
t71qU7ruE7k_part_20,116.5240625
t7p7vIP2tPk,31.72525
tFoNohJN9NM,1.55475
tMkNg_d_bh8,129.308
tQpWCbZ65C8,193.6616875
tRqjFQbIaSE,16.3665625
tXykNvW38i8,121.1265625
tZZUH0AcT2Q,15.3489375
t_wHQnDKqEs,119.2645
taXQdyC1XjM,87.3986875
tcbx7qAbBcI,4.78075
tdBPtSiyJUw,24.3606875
tevHQp7bEoc,5.917
tfaq8n-r950,95.0869375
tiFTYhx1U90,52.2718125
tiPZz_Ai-aw,27.9315625
tjKMrX6Fnnk,171.9068125
totI1Xvsw9g,14.851875
tpcd73QIZ8A,51.6616875
tsaoRZkvuxo,54.073
tyBt4mjiPd8,26.7786875
u0sKSX2COG0,101.1779375
u6Ox-2YlxJo,42.930625
u96dG_kt6hc,13.4535
uDGLQljGFR8,88.87425
uDKslCwUs8k,96.79725
uDpUj7b67t8,1.8758125
uHlQGxQc14s,46.3481875
uIJvQcYsULg,16.1525
uMRVxK1yqvU,194.7181875
uNR0JhrGrsk,144.0764375
uODRa-9tLbM,29.1850625
uOFQPv44A4s,68.153
uSAsXCvJbQk,104.6741875
uSvxgUTypZU,42.083625
uUAjxkNYLM4,61.439125
uUX8WjxPcck,42.91075
ua0Mpdrihlo,90.1588125
ud4u7kkwHn4,109.3519375
uef5H2J9cpo,41.983875
uf19dJlBrUg,13.9329375
ug20-m59zjs,62.0235625
uk1TvO9CFb8,1.7600625
ulkrlQUbtaM,33.3496875
unpunAovZ7w,3.517625
uodfyFby6JM,6424.3345625
uqclrHzvsz0,26.090375
us1qxkGc5KE,134.7638125
uuZ_20Vq_FI,27.5759375
uvKrkGCwXD4,26.2589375
uvoKYIGQp1M,115.9600625
uyD-OZJ7zKE,99.6024375
v-6uOvfBqik,116.312375
v0BIrNX3LBw,41.6085
v2g3nvlXac4,67.9105
v4wp9GfaJQ0,3.7891875
v5alXiFdv_4,11.9520625
v6ZpRWWLrxM,141.6229375
v78TZMzovrE,11.60925
v8dS8UI3rkw,40.5314375
vCqeYgZPySo,74.4330625
vDtA1KVQFB8,22.103875
vJoznjdwAko,114.7620625
vJr3oLVBfeI,152.425
vLYY_2sXUvY,7.504375
vM_6a0r79_M,77.088
vO0mJ8Qk9hk,60.84325
vOX-M1xO05E,230.916625
vPzbSe6ESOw,3.5786875
vQG5xbZDNr8,6.48475
vTXVP1YKW8I,16.212625
vUKeTt3O2tQ,3.3885625
vXTMQdmFeQE,41.991
vZ7BlcW2HNU,120.4460625
vbJyFN1X_D0,23.8913125
vcDSfMCr3a8,7.13325
veYo4d24UU0,170.8188125
vg0OmHWpZLo,93.3561875
vgnSGnbQPZM,30.642625
vi7G4z6D0fM,3205.3538125
viDHpiBd_Y4,839.032625
vjq7R32DRP4,55.60075
vkT34e4u_uo,56.7423125
vma4UtwXJUY,186.8829375
vnRVr1vZVlE,121.8785
vnWkFZK3I7g,84.644375
vqHGhK_ew24,1.959875
vy5d4cfviFQ,28.136125
vz9m9k4ME30,21.2615625
w-6iaizjJwY,107.246875
w0qgxAu-QlM,53.776375
w7Xb61g0MXA,62.692875
w8s7rPNra9Q,76.2918125
wA4XtwW6c5w,142.546125
wAiDVMmMBCA,89.628
wBHxDgAnnl0,11.3690625
wBmIH_YnvUM,8.2013125
wDNtv01-3mw,197.4659375
wFrxV3sufY4,39.67125
wHSK1i-nsT0,5.384
wHW9CsW7djE,84.4024375
wHzOZgtMidM,45.471375
wIw0uR1--FQ,71.4019375
wO-tyxskd-s,3.2521875
wTtotzZ9HJM,70.584125
wTwybET2uqI,85.957
wWcHKLp6EqA,45.4354375
wZETTF5VzfU,116.465
w_NzgR-wkJs,137.4514375
warE8K85j5Q,48.063375
wbe-qJ1j78U,41.1970625
wcE5DW3Jh7U,0.790875
wgJybjeFAAo_part_19,356.8523125
wgpcQVntvZA,19.755
wki6p6U4nA0,17.11725
wmFz6CD_part_1,448.70875
wmFz6CD_part_3,193.4183125
wmFz6CD_part_4,254.60625
wmFz6CD_part_5,160.8009375
wmZTpzLekvE,52.2891875
wp4XqnhM0pY,14.06325
wqi3K_e6a3k,60.38225
wtVYNw10aYc,45.38325
x10pxPQO_DU,6.6098125
x1tQykL41f8,0.4770625
x2biLTD_CDQ,213.38675
x2lBbviAzHs,29.8831875
x5QBsS36lus,98.67275
x5yIXk2FLy4,13.9483125
x6YlbL6RexI,161.4429375
x8Pjhsv0E9o,7.564375
xD_Kc_uKI-s,85.779625
xGs6cK71IRw,56.519625
xHCJfB8_part_9,437.4604375
xHMd3GFpVEM,75.3466875
xIXfGnqghs0,241.4028125
xIZePc_aqOI,46.25225
xJ1H5kwkL6A,35.113125
xJZaC7kwq3g,3.4710625
xLSyHVEfcpw,190.0260625
xLb5BM4s1as,14.51375
xOeziJfYzuU,11.88825
xVQ4XeNQDLc,79.2913125
xZKdQ4kliXA,8.48225
xZfer2DsALY,116.8375
xbHzx3iCX5A,48.3458125
xezvJ1NUekU,1.2280625
xfXbewB7V68,59.011875
xfpVCuXl-1E,48.3505625
xiRj3z4MNIo,31.6585625
xiZJaDRNSXk,10.2944375
xoVBQ8y7h64,10.7735
xtYwhPrgTMA,204.5025
xvf4fL5_sT4,9.991375
y5fKHJA4BWE,72.1476875
y5jOutZRPd4,82.647875
y8zgDqOcXd0,54.9769375
yGhMklgBe5g,32.3113125
yK3ZVuqewmI,118.8390625
yKTYM5eQ30A,44.60225
yL6Y4fWwO6E,24.924625
yO4EKwjL9PE,3.567625
yXvouHaGa1w,123.2674375
yYSclwvy7Io,12.451875
yaujcAJ2IEA,39.00875
ybplwb_5JzU,47.445125
ydSKk6deHxU,102.981
ydpcFk-2-Vw,0.509375
yeWFdZPGZYs,49.3985625
yh4GvEVTEBo,3.45225
ylPBshxXy0I,12.0254375
ym_pZQ0hJTs,19.4864375
ymdyJNgyBsA,4.1299375
ypoEiXbdmFQ,36.19775
yrC1ut4qnWc,42.3544375
yuboWIBPDvk,116.4573125
yyEEoBJ_9hE,34.4975625
yymeERxT5dc,170.6488125
yzb5JPFbO6w,125.7726875
z0k0PVe2S0I,67.6141875
z0nd5Qn4VzU,14.3161875
z278FNdETq0,212.745375
z7z76bgh_Zk,114.3666875
z88928OpqQc,115.92675
zAmjEG6SNXg,46.821
zFN9AYxCV3c,2.2243125
zFTldh9Vy8A,150.712875
zIUZ3jM6XE0,208.963125
zIyoH2mSzeI,34.27075
zK-zegKXrxE,213.834125
zLt6f_eqObg,163.686
zN8ZxDRDvd8,204.7503125
zROSAak_part_3,95.63375
zV7No2-q1Xs,46.8509375
zVIvl4PJl9I,21.2609375
zWb7LllD3Zs,71.704875
zWoxBvSRlu8,47.255
zX-5g2rB5O4,58.3523125
z_xR3i3G2v4,96.2995
zcETx8w_part_2,114.2065
ze2HZ9F1cZU,19.6386875
zlLMLr4oWl4,2.7029375
zrvf3PZ0UPk,90.602
ztIAQ5SFHBQ,108.08525
zu6y7okpUWw,148.4565
zuIWwpibcgc,115.6478125
zwzQxuEWkyQ,40.2881875
zx-w4yB6-qY,66.1256875
zxA-hA9ZJ1A,154.3069375
zxuk15YGGGY,113.3681875
zyEeiPTVh3M,53.5955
zyfdfmZu-jA,96.5509375
